Top queries,Clicks,Impressions,CTR,Position
pm yasasvi scholarship 2026,6175,30542,20.22%,1.66
sitaram jindal scholarship,5146,98168,5.24%,4.91
pm yashasvi scholarship apply online 2026,4723,26900,17.56%,1.81
pm yashasvi scholarship 2026,4479,22557,19.86%,1.58
pm yashasvi scholarship,4206,50273,8.37%,2.49
sitaram jindal foundation scholarship,3191,63668,5.01%,5.51
jindal scholarship 2026,2582,41968,6.15%,3.28
nabanna scholarship,2027,123656,1.64%,4.36
tata capital pankh scholarship,2025,108061,1.87%,5.25
pm yasasvi scholarship,1621,34270,4.73%,3.56
sitaram jindal scholarship apply online 2026,1607,13232,12.14%,3.13
post matric scholarship odisha,1482,79974,1.85%,4.08
jindal scholarship,1467,77497,1.89%,5.87
tata scholarship 2026,1158,74213,1.56%,5.92
pm yashasvi yojana 2026,987,5887,16.77%,2.36
pm yashasvi scholarship 2026 last date,902,6829,13.21%,1.77
sitaram jindal scholarship 2026,705,4836,14.58%,3.04
tata scholarship,640,46651,1.37%,6.65
yashasvi scholarship 2026,550,6945,7.92%,2.03
pm yashasvi scholarship 2026 last date to apply online,546,3547,15.39%,1.74
pm yasasvi scholarship 2026 last date,522,4240,12.31%,1.94
yashasvi scholarship,495,36196,1.37%,4.95
odisha state scholarship,477,44859,1.06%,5.97
private scholarship for ug students,440,3285,13.39%,1.84
lic golden jubilee scholarship 2026,385,7888,4.88%,3.45
lic scholarship 2026,385,7543,5.1%,3.26
obc scholarship 2026,378,8235,4.59%,4.23
tata pankh scholarship,373,19717,1.89%,6.01
mmvy,362,93364,0.39%,4.44
hdfc scholarship 2026,340,15071,2.26%,5.32
scholarship 2026,337,11280,2.99%,3.94
tata pankh scholarship 2026,322,17469,1.84%,5.79
jindal scholarship apply online 2026,288,5742,5.02%,2.94
pm yashasvi yojana,278,15876,1.75%,7.7
pm yashasvi scholarship apply online,269,3043,8.84%,1.44
sitaram jindal foundation scholarship 2026,267,2673,9.99%,1.98
jindal scholarship 2026 last date,255,6960,3.66%,3.7
tata capital pankh scholarship 2026,254,11244,2.26%,5.66
private scholarship,254,2601,9.77%,2.08
lic golden jubilee scholarship,251,13315,1.89%,5.52
scholarship odisha,239,24568,0.97%,5.74
medhavi scholarship mp 2026 last date,236,10648,2.22%,3.49
sitaram jindal scholarship 2026 last date,235,3969,5.92%,3.28
pm yashasvi yojana online apply 2026,231,1711,13.5%,2.63
nabanna scholarship 2026,211,3865,5.46%,4.05
nabanna scholarship 2026 last date,207,4447,4.65%,2.41
hdfc parivartan scholarship,206,24049,0.86%,7.29
kanya utthan yojana graduation,202,3748,5.39%,5.02
mmvy portal,191,14609,1.31%,3.36
pm yashasvi yojana 2026 last date,190,1659,11.45%,1.7
scholarship for 12th students by government 2026,185,9266,2%,6.63
pm yashasvi scholarship apply online 2026 last date,184,1706,10.79%,1.82
nabanna scholarship online apply,179,3059,5.85%,3.91
pm yashasvi scholarship yojana 2026,177,661,26.78%,1.65
hdfc scholarship,176,15407,1.14%,7.63
odisha state scholarship portal,175,18247,0.96%,5.99
tata scholarship apply online 2026,168,12696,1.32%,3
post matric scholarship odisha status check,167,8222,2.03%,5.31
tata trust scholarship,166,4552,3.65%,4.76
scholarship for 11th students by government 2026,165,2126,7.76%,2.71
lic scholarship,163,9772,1.67%,6.21
mukhyamantri kanya utthan yojana 50000,163,5442,3%,6.53
scolarship.gov.in 2026,161,15829,1.02%,7.33
lic scholarship apply online 2026,159,2768,5.74%,4.1
tata capital scholarship,158,11998,1.32%,6.95
odisha scholarship,154,21917,0.7%,6.17
tata capital scholarship 2026,151,5786,2.61%,4.92
yasasvi scholarship,151,5555,2.72%,4.35
hdfc parivartan scholarship 2026-27,151,3218,4.69%,3.4
krishi vidya nidhi yojana scholarship amount,151,2998,5.04%,2.34
yashasvi scholarship scheme,150,6253,2.4%,4.47
mukhyamantri kanya utthan yojana 2025,150,2502,6%,5.08
pre matric scholarship odisha,148,2370,6.24%,3.39
pm scholarship 2026,147,6023,2.44%,4.53
p m yashasvi scholarship 2026,147,687,21.4%,1.64
atul maheshwari scholarship 2026,146,1234,11.83%,2.23
post matric scholarship odisha last date,138,14928,0.92%,4.35
medhavi scholarship,135,29490,0.46%,5.93
pm yashasvi scholarship apply online last date,135,1639,8.24%,2.45
post matric scholarship,131,18291,0.72%,6.58
scholarship for class 9 students 2026,125,865,14.45%,1.73
kanya utthan yojana 2025,124,3326,3.73%,6.11
sita ram jindal scholarship,122,4119,2.96%,5.72
indian foundation scholarship,120,2055,5.84%,3.09
state scholarship,117,58530,0.2%,6.19
aikyashree,114,22111,0.52%,7.4
sr jindal scholarship,114,10634,1.07%,6.22
reliance foundation scholarship,113,14881,0.76%,6.89
nabanna scholarship online apply 2026,112,2205,5.08%,3.02
yashasvi scholarship 2026 last date,106,1237,8.57%,1.83
india foundation scholarship,104,2611,3.98%,3.88
new scholarship 2026,101,2761,3.66%,3.31
e kalyan,100,93262,0.11%,4.17
pm yashasvi,100,2492,4.01%,3.54
karnataka government scholarships for obc students,99,3757,2.64%,4.73
www.sitaramjindalfoundation.org scholarship,98,1386,7.07%,4.66
sitaram jindal scholarship application form 2026,98,580,16.9%,2.8
pm yasasvi,96,5929,1.62%,6.3
scholarship eligibility checker,96,633,15.17%,3.37
ongc scholarship,95,29737,0.32%,7.13
scholarship,95,13536,0.7%,2.24
scholarship for class 11 students,94,987,9.52%,3.29
azim premji scholarship,93,31557,0.29%,8.56
state scholarship odisha,93,9405,0.99%,5.8
sitaram jindal scholarship official website,92,2814,3.27%,4.62
pm yashasvi yojana registration,90,1377,6.54%,4.82
pm yashasvi scholarship 2026 last date to apply,88,830,10.6%,1.58
pradhanmantri yashasvi yojana,87,1510,5.76%,3.25
নবান্ন স্কলারশিপ,86,4971,1.73%,4.28
www.sitaramjindalfoundation.org scholarship 2026,86,849,10.13%,3.05
state scholarship portal odisha,83,6834,1.21%,6.84
pm scholarship scheme 2026,83,5290,1.57%,5.91
tata capital pankh scholarship official website,83,2826,2.94%,6.12
hdfc scholarship 2026-27,83,1011,8.21%,2.71
hdfc bank parivartan scholarship,81,8794,0.92%,7.45
jindal scholarship apply online,80,2682,2.98%,4.06
government scholarship for 11th students,80,1741,4.6%,4.36
pm yasasvi scholarship apply,80,1075,7.44%,3.48
aikyashree scholarship,78,13479,0.58%,7.71
mmvy scholarship,77,15612,0.49%,6.19
पीएम यशस्वी स्कॉलरशिप 2026,77,748,10.29%,2.51
sitaram jindal scholarship scheme 2026,75,272,27.57%,1.83
tata scholarship 2026 last date,74,9405,0.79%,6.24
पीएम यशस्वी स्कॉलरशिप,73,1718,4.25%,5.07
lic golden jubilee scholarship 2026 last date,73,1691,4.32%,3.12
jindal foundation scholarship,71,3721,1.91%,6.44
scholarship for class 10 passed students 2026,71,818,8.68%,4.47
private scholarship for ug students in india,71,408,17.4%,1.76
pm yasasvi scheme 2026,71,204,34.8%,1.91
class 11 scholarship,70,1645,4.26%,4.89
scholarship for class 11,70,1204,5.81%,4.48
hdfc parivartan scholarship 2026,69,5408,1.28%,6.19
fair and lovely scholarship 2026,68,214,31.78%,1.36
nirman shramik kalyan yojana scholarship,67,8689,0.77%,5.94
atul maheshwari scholarship,67,2360,2.84%,3.63
post matric scholarship punjab,67,1515,4.42%,4.08
yashasvi scholarship last date 2026,67,1012,6.62%,1.71
sitaram jindal scholarship 2026 apply,67,580,11.55%,2.83
sitaram jindal scholarship ug 2026,67,327,20.49%,1.96
class 9 scholarship,66,947,6.97%,2.97
ews scholarship,65,2176,2.99%,6.45
pm yashasvi scholarship scheme,65,1032,6.3%,2.71
ssp portal,64,24214,0.26%,6.61
india foundation scholarship 2026,64,4141,1.55%,5.73
sitaram jindal foundation scholarship apply online,64,1446,4.43%,3.46
buddy4study,64,982,6.52%,2.23
post matric scholarship rajasthan,62,1935,3.2%,3.53
nmms,61,5971,1.02%,4.73
pm yashasvi scholarship yojana,61,1543,3.95%,5.87
e grantz scholarship 2026 last date,60,2484,2.42%,4.51
ug merit scholarship,60,2090,2.87%,2.71
pm yasasvi scholarship 2026 last date to apply,60,646,9.29%,1.71
hdfc parivartan scholarship june 2026,59,2301,2.56%,7.02
lic scholarship 2026 last date,59,2117,2.79%,2.51
the tata capital pankh scholarship apply online,59,1946,3.03%,3.59
pm yashasvi scholarship 2026 eligibility,59,783,7.54%,1.35
pradhan mantri yashasvi yojana 2026,59,311,18.97%,2.29
sitaram jindal foundation,57,6233,0.91%,6.09
sitaram jindal scholarship online application,57,3186,1.79%,6.31
2026 scholarship,57,2638,2.16%,3.17
bihar kanya utthan yojana 2025 graduation,56,761,7.36%,5.08
scholarship for girls in maharashtra 2026,56,450,12.44%,2.16
scholarship for jain students by government,56,414,13.53%,3.22
yashasvi yojana scholarship,55,1227,4.48%,3.83
post matric scholarship odisha amount,54,5453,0.99%,2.49
odisha post matric scholarship,54,4730,1.14%,4.68
scholarship punjab,54,2521,2.14%,5.66
scholarship for 10th passed students by government,54,2346,2.3%,8.88
government scholarship for 10th passed students 2026,54,1074,5.03%,5.54
sita ram jindal scholarship 2026,54,451,11.97%,2.28
ssp pre matric scholarship,53,16429,0.32%,4.89
scholarship last date 2026,53,8023,0.66%,5.24
hdfc bank scholarship 2026,53,2752,1.93%,5.22
hdfc bank parivartan scholarship 2026 27,53,1078,4.92%,3.84
pm yashasvi yojana scholarship,53,701,7.56%,2.7
glow and lovely scholarship 2026,53,305,17.38%,2.25
ongc scholarship 2026,52,9222,0.56%,8.25
pm ssv scholarship,52,675,7.7%,3.15
scholarship for college students in tamil nadu 2026,52,599,8.68%,3.23
india scholarship,52,529,9.83%,4.28
aikyashree scholarship apply online,52,395,13.16%,3.1
p m yashasvi scholarship,51,624,8.17%,2.88
yashaswini scholarship 2026,51,418,12.2%,1.78
e medhabruti scholarship,50,3009,1.66%,4.79
nabanna scholarship last date,50,2559,1.95%,4.92
post matric scholarship west bengal,50,1890,2.65%,3.91
pm yashasvi scholarship 2026 apply,50,277,18.05%,1.9
e grantz,49,31008,0.16%,5.41
sitaram jindal scholarship apply online 2026 last date,49,1162,4.22%,3.65
ntr vidyonnathi scheme,49,1062,4.61%,3.83
hdfc scholarship 2026 last date,48,5167,0.93%,7.09
medhavi scholarship portal,48,3943,1.22%,4.96
infosys scholarship,48,2736,1.75%,5.52
scholarship for 12th passed students by government,47,3364,1.4%,9.59
mmvy scholarship portal,47,2980,1.58%,3.72
post matric scholarship status check odisha,47,2785,1.69%,5.13
featured scholarships,47,1144,4.11%,5.51
dr rajendra prasad scholarship,47,557,8.44%,3.29
pradhanmantri yashasvi yojana 2026,47,300,15.67%,1.45
mp yashasvi scholarship 2026,47,263,17.87%,1.97
pm yashasvi scholarship scheme 2026,47,210,22.38%,1.59
class 10 scholarship west bengal 2026,46,634,7.26%,2.1
private scholarship for degree students,46,388,11.86%,2.24
pm yasasvi scheme,45,2203,2.04%,6.61
pre matric scholarship odisha last date,45,1072,4.2%,2.78
lic golden jubilee scholarship 2026 application form,45,872,5.16%,3.84
e grantz scholarship,44,5872,0.75%,7.17
scholarship for college students in tamilnadu,44,2939,1.5%,9.03
jindal sitaram scholarship 2026,44,342,12.87%,2.44
infosys foundation scholarship,43,2679,1.61%,4.99
nsp scholarship,43,888,4.84%,3.58
scholarship for 9th class students 2026,43,431,9.98%,1.9
tata trusts medical and healthcare scholarship 2026,43,283,15.19%,1.99
kanya utthan scholarship,42,1113,3.77%,3.95
nabanna scholarship 2026 last date to apply,42,856,4.91%,3.64
private scholarship for college students,42,329,12.77%,2.03
bits pilani fees,41,11412,0.36%,1.1
pudhumai penn scheme,41,10473,0.39%,8.11
punjab scholarship,41,6820,0.6%,4.69
scholarship.gov.in 2026,41,4017,1.02%,7.69
"mukhyamantri kanya utthan yojana 50,000",41,1304,3.14%,4.9
pm scholarship yojana 2026,41,1025,4%,4.83
scholarship for 10th passed students by government 2026,41,724,5.66%,4.89
kanya utthan yojana graduation 2025,41,580,7.07%,4.34
nabanna scholarship online apply 2026 last date,41,556,7.37%,2.21
yashasvi scholarship 2026 last date to apply,41,334,12.28%,1.78
pm યશસ્વી સ્કોલરશીપ યોજના 2026,41,319,12.85%,2.01
jindal scholarship application form 2026,41,309,13.27%,2.71
graduation scholarship,40,4655,0.86%,8.31
mukhyamantri kanya utthan yojana graduation,40,626,6.39%,4.77
indian scholarship,40,606,6.6%,3.86
pm yashasvi scholarship 2026-27,40,155,25.81%,1.61
government scholarship,39,1609,2.42%,7.78
tata scholarship apply online,39,1317,2.96%,3.7
pm-yasasvi scholarship,39,1058,3.69%,3.35
scholarship exam for class 9,39,728,5.36%,4.35
yashasvi yojana 2026,39,521,7.49%,3.36
jindal scholarship 2026 application form,39,521,7.49%,3.75
class 9 scholarship 2026,39,343,11.37%,1.93
yasasvi scholarship 2026,39,267,14.61%,2.18
scholarship private,39,266,14.66%,2.16
sitaram jindal foundation scholarship last date 2026,38,502,7.57%,2.76
www sitaramjindalfoundation org scholarship 2026,38,370,10.27%,3.32
scholarship gov in 2026,37,2466,1.5%,4.83
jindal scholarship 2026 link,37,473,7.82%,3.1
pradhanmantri yashasvi scholarship yojana,37,432,8.56%,3.03
private scholarship for pg students,37,325,11.38%,3.42
pm yasasvi scholarship 2026 27,37,193,19.17%,1.76
pm yasasvi scholarship 2026 application form,37,172,21.51%,1.82
obc scholarship,36,4728,0.76%,8.38
yes,36,3089,1.17%,3.92
indian foundation scholarship 2026,36,1634,2.2%,4.58
mukhyamantri kanya utthan yojana 50000 online registration,36,1117,3.22%,6.56
yashasvi scholarship eligibility,36,842,4.28%,1.83
class 11 scholarship 2026,36,624,5.77%,2.95
2026 scholarships,36,596,6.04%,2.91
sitharaman jindal scholarship,36,466,7.73%,4.5
mukhyamantri vidyarthi pratibha yojana,35,4023,0.87%,6.22
infosys foundation stem stars scholarship,35,1577,2.22%,4.34
sc st scholarship for college students in tamilnadu,35,486,7.2%,3.72
pm yasasvi scholarship amount,34,1445,2.35%,2.65
pre matric scholarship,34,1423,2.39%,7.79
infosys scholarship 2026,34,1389,2.45%,2.74
class 11 scholarship west bengal 2026,34,1281,2.65%,3.96
trti scholarship,34,775,4.39%,5.68
free scholarship for students 2026,34,694,4.9%,5.26
sitaramjindalfoundation.org apply online,34,618,5.5%,4.87
sitaram jindal scholarship apply online 2026 ug,34,287,11.85%,2.68
class 9th scholarship 2026,34,265,12.83%,1.62
azim premji scholarship 2026,33,7030,0.47%,5.22
nmms scholarship amount,33,4244,0.78%,6.96
tata pankh scholarship official website,33,1957,1.69%,4.69
krushi vidyanidhi scholarship,33,1944,1.7%,4.35
yashasvi scholarship last date,33,1566,2.11%,3.68
tn scholarship portal,33,1327,2.49%,5.51
scholarship for 11th students,33,658,5.02%,4.44
pm yashasvi scholarship last date 2026,33,421,7.84%,1.56
private scholarship for ug students 2026,33,121,27.27%,1.83
bitsat scholarship,32,4360,0.73%,4.64
bitsat scholarship criteria,32,2510,1.27%,4.06
vidya deevena release date 2026,32,1450,2.21%,4.86
tata capital pankh scholarship 2026 last date to apply,32,1324,2.42%,5.36
pm yashasvi scholarship login,32,1312,2.44%,5.44
post matric scholarship tamilnadu,32,1161,2.76%,6.12
lic scholarship apply online 2026 last date to apply,32,671,4.77%,4
csr scholarship,32,630,5.08%,4.21
kanya utthan yojana 2025 graduation,32,523,6.12%,4.31
glow and lovely scholarship,32,484,6.61%,5.54
kanya utthan yojana 2025 last date,32,421,7.6%,2.76
pm yashasvi scholarship 2026 date,32,290,11.03%,1.7
mukhyamantri kanya utthan yojana,31,3813,0.81%,8.58
krishi vidya nidhi yojana scholarship,31,1892,1.64%,3.66
medhavi scholarship mp 2026,31,1584,1.96%,4.03
tata capital pankh scholarship program,31,1581,1.96%,5.4
punjab scholarship portal,31,1409,2.2%,5.73
vidyadhan scholarship 2026,31,839,3.69%,6.6
medhasoft,31,615,5.04%,3.72
www licindia in golden jubilee scholarship application form,31,506,6.13%,3.3
scholarship for class 9,31,437,7.09%,3.35
pm yasasvi scholarship 2026 apply,31,264,11.74%,2.34
bits pilani scholarship,30,5723,0.52%,5.47
jain scholarship,30,3275,0.92%,10.53
sitaram jindal scholarship status check,30,837,3.58%,5.49
yashasvi scholarship yojana,30,817,3.67%,6.02
sitaram jindal foundation scholarship for ug students,30,796,3.77%,3.66
bihar kanya utthan yojana,30,487,6.16%,4.51
faea scholarship,29,8939,0.32%,5.84
tata capital pankh scholarship program 2026,29,2007,1.44%,6.14
aikyashree portal,29,1197,2.42%,6.13
devaraj urs scholarships for obc students 2026,29,1081,2.68%,5.31
hdfc bank parivartan scholarship 2026-27,29,569,5.1%,3.41
yashaswi scholarship 2026,29,467,6.21%,2.04
pm yashasvi scholarship form,29,193,15.03%,2.45
faea scholarship 2026,28,5294,0.53%,5.58
scholarship for jain students,28,4025,0.7%,5.86
pm yasasvi scholarship eligibility,28,1163,2.41%,3.84
jindal scholarship 2026 last date to apply,28,799,3.5%,3.78
lic golden jubilee scholarship official website,28,676,4.14%,4.81
tata trusts education grants,28,230,12.17%,3.83
pm yashasvi yojana 2026 last date apply online,28,182,15.38%,1.76
hdfc bank scholarship,27,3943,0.68%,7.99
nmms karnataka,27,3868,0.7%,7.08
post matric scholarship gujarat,27,3345,0.81%,6.19
nmms scholarship,27,3267,0.83%,5.87
krushi nidhi scholarship,27,2238,1.21%,4.14
hdfc scholarship apply online 2026,27,1142,2.36%,7.24
pm yashasvi scheme,27,690,3.91%,4.41
scholarship for school students 2026,27,296,9.12%,4.28
faea,26,6748,0.39%,6.07
reliance foundation undergraduate scholarships,26,5405,0.48%,7.03
post matric scholarship mp,26,3525,0.74%,7.57
karnataka government scholarships for obc students 2026,26,1031,2.52%,7.28
pm yashasvi scholarship gujarat,26,668,3.89%,4.18
pradhan mantri scholarship yojana 2026,26,634,4.1%,4.67
tata capital pankh scholarship program 2026-27,26,521,4.99%,2.61
class 9th scholarship,26,457,5.69%,3.36
scholarship for 9th class students,26,391,6.65%,3.43
scholarship for college students in tamilnadu 2026,26,332,7.83%,4
pradhanmantri yashasvi scholarship,26,322,8.07%,3.11
pm yashasvi scholarship 2026 start date,26,313,8.31%,1.67
medhavi scholarship mp,25,6788,0.37%,5.34
krishi vidya nidhi yojana,25,3484,0.72%,4.53
vivekananda merit scholarship,25,2148,1.16%,8.49
reliance foundation ug scholarship,25,1849,1.35%,4.92
class 12 scholarship 2026,25,1769,1.41%,6.56
lic golden jubilee scholarship apply online,25,1092,2.29%,5.15
kanya utthan yojana bihar,25,953,2.62%,6.07
pm ssb scholarship,25,727,3.44%,7.16
tata trusts medical and healthcare scholarships,25,477,5.24%,3.25
mukhyamantri kanya utthan yojana bihar,25,476,5.25%,5.7
tata trust medical and health care scholarship,25,241,10.37%,2.56
www.sitaram jindal scholarship.org,25,217,11.52%,4.44
private scholarship in india,25,190,13.16%,1.98
पीएम यशस्वी योजना 2026,25,156,16.03%,2.33
mysy scholarship,24,7651,0.31%,9.17
reliance scholarship,24,6404,0.37%,7.88
bits scholarship,24,4563,0.53%,5.65
reliance foundation undergraduate scholarship,24,2860,0.84%,6.94
pm yashasvi scholarship 2025,24,2539,0.95%,4.43
yashasvi yojana,24,2012,1.19%,7.64
hdfc scholarship 2026 apply online,24,1822,1.32%,7.3
11th scholarship,24,1354,1.77%,6.23
jindal sitaram scholarship,24,1313,1.83%,6.92
swami vivekananda scholarship 2026 last date,24,1040,2.31%,1.52
reliance foundation scholarship undergraduate apply,24,800,3%,3.48
oec scholarship 2026,24,709,3.39%,3.68
government scholarship for class 9,24,631,3.8%,4.39
government scholarship 2026,24,469,5.12%,4.83
government scholarship exam for class 9,24,374,6.42%,3.13
hdfc scholarship 2026 27 last date,24,362,6.63%,4.1
private scholarships,24,358,6.7%,3.79
national scholarship portal,24,353,6.8%,4.17
minority scholarship west bengal,24,288,8.33%,4.76
pm scholarship for class 11th students,24,266,9.02%,3.11
pm yashasvi scholarship 2026 apply online,24,130,18.46%,2.04
airtel scholarship 2026,23,7496,0.31%,7.21
sanchi honnamma scholarship,23,2108,1.09%,5.12
swami vivekananda scholarship,23,1811,1.27%,5.82
scholarship list 2026,23,861,2.67%,3.22
vivekananda scholarship,23,856,2.69%,5.85
9th class scholarship,23,701,3.28%,3.88
student scholarship 2026,23,524,4.39%,5.19
pm yashaswini scholarship,23,426,5.4%,3.29
scholarship class 9,23,424,5.42%,3.39
karnataka minority scholarship,23,361,6.37%,4.47
scholarship for class 10 students 2026,23,348,6.61%,3.36
pm yashasvi scholarship 2026 27,23,132,17.42%,1.86
p.m yasasvi scholarship,23,65,35.38%,3.37
post matric scholarship odisha online apply,22,2015,1.09%,5.81
jagananna vidya deevena,22,1553,1.42%,6.05
dashmottar scholarship,22,1331,1.65%,4.47
trti result 2026,22,974,2.26%,6.77
yasasvi scholarship scheme,22,961,2.29%,5.4
sitaram jindal foundation scholarship official website,22,943,2.33%,3.54
scholarship for obc students,22,866,2.54%,6.23
graduation scholarship 2025 bihar,22,849,2.59%,4.27
cm kisan scholarship odisha,22,786,2.8%,2.54
pm yasasvi scholarship apply online,22,588,3.74%,3.59
pudhumai penn scheme student apply online,22,536,4.1%,6.48
scholarships for students 2026,22,442,4.98%,4.96
pm yashasvi yojana last date 2026,22,382,5.76%,2.39
scholarship for 10th passed students 2026,22,346,6.36%,5.57
trti 2026,22,258,8.53%,4.64
class 9 scholarship exam,22,247,8.91%,4.63
pm yasasvi scholarship 2026 last date to apply online,22,235,9.36%,1.94
yashasvi scholarship scheme 2026,22,157,14.01%,2.02
pm yashasvi scholarship 2026 link,22,150,14.67%,2.25
private scholarship for school students,22,85,25.88%,1.95
yashasvi scholarship yojana 2026,22,69,31.88%,1.87
pm-yasasvi,21,1741,1.21%,6.64
obc,21,1621,1.3%,3.06
sitaram jindal foundation scholarship ug,21,1057,1.99%,4.85
"मुख्यमंत्री कन्या उत्थान योजना 50,000",21,1003,2.09%,7.14
scholarship for college students,21,687,3.06%,3.34
kotak kanya scholarship 2026,21,679,3.09%,5.88
sitaram jindal scholarship eligibility,21,635,3.31%,5.58
tn state scholarship portal,21,565,3.72%,5.28
पीएम यासस्वी स्कॉलरशिप 2026,21,313,6.71%,2.53
nta pm yashasvi scholarship,21,283,7.42%,4.9
pm joshi scholarship,21,277,7.58%,3.74
jindal scholarship 2026 eligibility,21,275,7.64%,1.86
madho singh scholarship,21,146,14.38%,2.84
private scholarships for ug students,21,111,18.92%,2.15
golden jubilee scholarship,20,3115,0.64%,6.66
post matric scholarship odisha amount 2026,20,3053,0.66%,3.04
reliance scholarship 2026,20,2173,0.92%,5.12
tata capital pankh,20,1188,1.68%,5.62
post matric scholarship odisha apply,20,1141,1.75%,4.44
scholarships for students,20,1095,1.83%,2.25
tn scholarship,20,997,2.01%,6.43
pms scholarship punjab,20,962,2.08%,4.2
yashasvi scholarship amount,20,812,2.46%,2.68
minority scholarship status check,20,743,2.69%,8.04
11th scholarship 2026,20,696,2.87%,3.41
how to apply for pm yashasvi scholarship,20,615,3.25%,2.24
tata scholarship 2026 apply online,20,540,3.7%,4.28
hdfc parivartan scholarship 2026 27,20,534,3.75%,3.76
school scholarship 2026,20,500,4%,5.24
p.m yashasvi scholarship,20,157,12.74%,2.72
pm yashasvi yojana 2026 last date to apply,20,138,14.49%,1.7
fair and lovely scholarship 2026 last date,20,96,20.83%,1.35
अतुल माहेश्वरी छात्रवृत्ति 2026,20,92,21.74%,2.75
pm yashaswini scholarship 2026,20,89,22.47%,1.58
needs of public jindal,19,2307,0.82%,7.76
pm scholarship,19,2182,0.87%,9.59
pankh scholarship,19,1273,1.49%,6.85
krushi nidhi scholarship amount,19,706,2.69%,2.81
jindal scholarship last date 2026,19,631,3.01%,3.55
minority scholarship karnataka,19,558,3.41%,4.05
prematric scholarship odisha,19,545,3.49%,9.03
mukhyamantri kanya utthan yojana 50000 apply online,19,349,5.44%,4.61
boc certificate means,19,318,5.97%,3.14
hdfc scholarship 2026 to 2027,19,221,8.6%,3.03
scholarship for 11th passed students by government,19,199,9.55%,4.18
pm yashasvi scholarship apply online 2026 date,19,178,10.67%,1.39
scholarship for brahmin students,19,149,12.75%,2.66
pm yasasvi scholarship yojana 2026,19,101,18.81%,2.18
pm yashasvi yojana 2026 27,19,100,19%,2.06
mukhyamantri medhavi vidyarthi yojana,18,6542,0.28%,6.71
bits pilani mba fees,18,2465,0.73%,1.03
parivartan scholarship,18,1792,1%,7.91
e medhabruti,18,1501,1.2%,5.72
tata capital pankh scholarship apply online,18,1114,1.62%,3.61
government scholarship for 10th class students,18,1071,1.68%,7.67
pm yashasvi yojana official website,18,1046,1.72%,5.1
prize money scholarship 2026,18,1030,1.75%,1.33
tata scholarship 2026 apply,18,1025,1.76%,3.8
scholarship.odisha.gov.in,18,938,1.92%,6.77
pm yashasvi scholarship eligibility,18,852,2.11%,2.29
green passage scheme odisha,18,658,2.74%,2.52
prime minister scholarship scheme,18,596,3.02%,4.1
bc scholarship,18,517,3.48%,5.91
national means-cum-merit scholarship (nmms),18,496,3.63%,8.43
st scholarship karnataka,18,492,3.66%,3.5
social welfare scholarship for sc/st students,18,438,4.11%,5.04
tata capital pankh scholarship 2026-27,18,428,4.21%,3.13
obc scholarship karnataka,18,420,4.29%,5.89
ews scholarship 2026,18,408,4.41%,5.11
pm scholarship scheme for 10th pass students,18,387,4.65%,6.22
buddy4study scholarship,18,368,4.89%,2.55
tata trusts scholarships,18,361,4.99%,3.93
nursing scholarship 2026,18,321,5.61%,2.93
golden jubilee scholarship 2026,18,276,6.52%,4.23
pm yashasvi scholarship for obc students,18,250,7.2%,3.56
sitaramjindalfoundation scholarship,18,225,8%,5.76
general caste scholarship 2026,18,199,9.05%,2.47
atul maheshwari scholarship 2026 last date,18,164,10.98%,2.01
jindal foundation scholarship 2026,18,135,13.33%,2.26
atul maheshwari scholarship apply online,18,130,13.85%,2.72
egrantz,17,23107,0.07%,6.57
scholarship form last date 2026,17,2697,0.63%,6.59
reliance foundation scholarship 2026 last date to apply,17,1839,0.92%,4.85
yashvi scholarship,17,1296,1.31%,5.69
pm scholarship yojana,17,1215,1.4%,8.08
tamil nadu government scholarship for college students,17,1117,1.52%,9.45
pm yashasvi yojana online apply,17,849,2%,4.76
class 1 to 10 scholarship form online,17,495,3.43%,7.13
sc scholarship karnataka,17,491,3.46%,3.97
latest scholarship for students 2026,17,419,4.06%,5.86
scholarship yojana 2026,17,354,4.8%,6.02
scholarships for engineering students 2026,17,333,5.11%,3.83
free scholarship for students by government of india 2026,17,276,6.16%,4.29
karnataka government scholarships for sc students,17,217,7.83%,4.41
scholarships 2026,17,198,8.59%,3.71
9th scholarship 2026,17,197,8.63%,2.35
sc scholarship apply online tamilnadu,17,166,10.24%,3.76
scholarships for class 9 students in india,17,150,11.33%,2.96
scholarship for class 11 cbse students,17,128,13.28%,4
atul maheshwari scholarship 2026 apply online,17,103,16.5%,1.54
pm modi yashasvi scholarship 2026,17,67,25.37%,1.69
scholarship for college students private,17,57,29.82%,1.91
nsp portal,16,12294,0.13%,6.46
nabanna,16,9546,0.17%,8.64
sitaram jindal,16,4457,0.36%,7.13
bharti airtel scholarship,16,3422,0.47%,7.5
e grantz scholarship amount,16,2497,0.64%,6.89
s r jindal scholarship,16,1354,1.18%,6.47
scholarship manipur 2026,16,1178,1.36%,7
sitaram jindal scholarship application form,16,1064,1.5%,8.6
st scholarship,16,691,2.32%,8.07
nabanna scholarship last date 2026,16,664,2.41%,2.23
bits pilani,16,664,2.41%,3.35
nabanna scholarship apply,16,610,2.62%,4.15
scholarship for 10th passed students,16,509,3.14%,8.8
ug scholarship 2026,16,462,3.46%,5.48
post matric scholarship portal odisha,16,434,3.69%,4.68
ambedkar scholarship punjab,16,408,3.92%,4.1
yashasvi scholarship apply online,16,326,4.91%,4.34
ntr vidyonnathi scheme 2026,16,235,6.81%,4.78
tata trusts medical scholarship,16,225,7.11%,3.18
private scholarship for class 11,16,164,9.76%,4.34
scholarship for intermediate students,16,157,10.19%,3.43
pm yashasvi scholarship 2026 last date for ug students,16,151,10.6%,2.03
pm yasasvi scholarship 2026 apply online,16,139,11.51%,1.91
sitaram jindal foundation scholarship:,16,134,11.94%,5.37
scholarship for class 9 cbse students,16,127,12.6%,3.52
pm yasasvi scholarship 2026-27,16,126,12.7%,1.56
scholarship exam for class 9 2026,16,105,15.24%,2.07
glow and lovely scholarship 2026 last date,16,79,20.25%,1.35
pm yasasvi scholarship scheme 2026,16,56,28.57%,1.8
svmcm,15,37170,0.04%,5.75
ebc scholarship,15,7975,0.19%,8.59
jindal scholarship last date,15,3421,0.44%,6.7
boc scholarship,15,2740,0.55%,5.37
hdfc parivartan scholarship apply online,15,1628,0.92%,8.6
cm scholarship rajasthan,15,1584,0.95%,7.03
odisha scholarship status check,15,1071,1.4%,6.72
tata trust funding apply online,15,924,1.62%,5.02
reliance foundation scholarship eligibility,15,919,1.63%,5.21
tata pankh,15,871,1.72%,6.11
sc st scholarship,15,831,1.81%,6.12
tata trusts scholarship,15,789,1.9%,4.53
sitaram jindal scholarship last date 2026,15,668,2.25%,2.91
jindal scholarship portal,15,623,2.41%,4.28
hdfc scholarship june 2026 guide,15,587,2.56%,6.84
dr rajendra prasad scholarship 2026,15,554,2.71%,3.24
nobanno scholarship,15,533,2.81%,4.36
कन्या उठान योजना 2025,15,495,3.03%,5.94
50000 kanya utthan yojana 2025,15,451,3.33%,6.29
scholarship scheme 2026,15,448,3.35%,5.77
the tata capital pankh scholarship,15,394,3.81%,5
lic jubilee scholarship 2026,15,364,4.12%,3.35
50000 kanya utthan yojana,15,362,4.14%,6.68
lic golden jubilee scholarship 2026 last date to apply,15,333,4.5%,2.91
college students scholarship 2026,15,327,4.59%,4.02
নবান্ন scholarship,15,291,5.15%,3.66
lic golden jubilee scholarship 2026 apply,15,288,5.21%,4.76
tata capital pankh scholarship 2026 27,15,275,5.45%,3.26
bihar kanya utthan yojana graduation,15,269,5.58%,4.42
mukhyamantri snatak kanya utthan yojana,15,234,6.41%,4.99
pm yashasvi scholarship details,15,229,6.55%,2.82
tata trust scholarship for medical students,15,215,6.98%,2.5
west bengal scholarship 2026,15,214,7.01%,3.52
पीएम यशस्वी स्कॉलरशिप अप्लाई ऑनलाइन 2026,15,197,7.61%,2.11
pradhan mantri yashasvi yojana last date,15,167,8.98%,3.02
csr scholarship for students,15,141,10.64%,4.18
pm yashasvi scholarship apply online last date 2026,15,122,12.3%,1.45
sitaram jindal scholarship online application 2026,15,97,15.46%,2.91
pm yashasvi scholarship yojana 2026 last date,15,89,16.85%,1.87
prime minister scholarship scheme 2026,14,3772,0.37%,5.44
nmms full form,14,3531,0.4%,3.63
tata capital pankh scholarship last date,14,2133,0.66%,7.34
parivartan ecss scholarship,14,1929,0.73%,7.62
bharti airtel scholarship 2026 last date,14,1602,0.87%,6.53
reliance foundation scholarship 2026,14,1545,0.91%,5.09
aikyashree scholarship 2026 last date,14,1017,1.38%,6.19
पीएम यशस्वी योजना,14,914,1.53%,6.38
ssp scholarship portal,14,796,1.76%,5.72
tata pankh capital scholarship,14,741,1.89%,6.11
sita ram jindal foundation scholarship,14,655,2.14%,5.74
class 10 scholarship 2026,14,543,2.58%,4.72
needs of public jindal 2026,14,541,2.59%,6.58
sitaram jindal scholarship ug,14,534,2.62%,5.62
state scholarship portal odisha student login,14,514,2.72%,6.09
9th scholarship,14,469,2.99%,4.49
tata scholarship for mbbs students,14,442,3.17%,3.12
tata pankh scholarship 2026 apply online,14,421,3.33%,5.47
pm yasasvi scholarship form,14,349,4.01%,3.95
कन्या उठान योजना बिहार 2025,14,344,4.07%,5.41
post matric scholarship odisha status check 2026,14,310,4.52%,4.75
tamil nadu government scholarship for school students,14,306,4.58%,8.96
lic school scholarship 2026,14,286,4.9%,2.84
mukhyamantri kanya yojana 50000,14,283,4.95%,5.74
pradhan mantri yashasvi scholarship,14,282,4.96%,2.18
snatak kanya utthan yojana,14,268,5.22%,7.9
pm yashasvi yojana apply online,14,250,5.6%,3.96
कन्या उत्थान योजना 2025,14,243,5.76%,5.48
government scholarship for 11th class students,14,239,5.86%,4.44
jindal scholarship ug 2026,14,221,6.33%,2.52
mukhyamantri kanya utthan yojana snatak,14,217,6.45%,5.32
scholarship for 10th students by government 2026,14,192,7.29%,5.39
agaram foundation,14,182,7.69%,2.16
is nabanna scholarship open 2026,14,176,7.95%,1.59
infosys stem stars scholarship 2026,14,174,8.05%,2.37
scholarship india,14,171,8.19%,5.49
mukhyamantri graduation scholarship bihar,14,167,8.38%,5.24
scholarships for class 11 students,14,153,9.15%,3.92
brahmin scholarship karnataka,14,151,9.27%,3.84
scholarship 2026 class 11,14,143,9.79%,2.62
brahmin scholarship,14,142,9.86%,3.04
scholarship for school students,14,130,10.77%,1.82
pradhanmantri yashasvi scholarship yojana 2026,14,61,22.95%,1.49
e kalyan jharkhand,13,6258,0.21%,4.35
pms odisha,13,2069,0.63%,4.69
faea india scholarship,13,1862,0.7%,4.72
bits pilani fees for 4 years btech,13,1760,0.74%,1.13
sr jindal,13,1436,0.91%,6.83
yashaswi scholarship,13,1393,0.93%,5.12
scholarship west bengal,13,1164,1.12%,7.72
wbmdfc scholarship,13,1140,1.14%,7.61
e kalyan last date 2026,13,1027,1.27%,6
post matric scholarship karnataka,13,1018,1.28%,6.13
medhavi scholarship 2026,13,989,1.31%,5.88
scolership.gov in 2026,13,952,1.37%,7.83
pradhan mantri yashasvi yojana,13,886,1.47%,7.22
10th scolarship.gov.in 2026,13,865,1.5%,6.8
central government scholarship,13,847,1.53%,8.18
all scholarship list in west bengal,13,751,1.73%,6.79
lic golden jubilee scholarship status check,13,675,1.93%,5.63
mukhyamantri vidyarthi pratibha yojana scholarship scheme,13,649,2%,3.24
nsp,13,610,2.13%,3.84
50k scholarship,13,598,2.17%,6.12
infosys scholarship 2026 last date,13,585,2.22%,3.96
class 12 scholarship west bengal 2026,13,544,2.39%,3.76
pg scholarship 2026,13,472,2.75%,4.59
all india scholarship,13,441,2.95%,7.07
class 11th scholarship,13,396,3.28%,5
obc prize money,13,351,3.7%,5.95
pm scholarship for class 10th students,13,335,3.88%,6.05
scholarship 11th class,13,331,3.93%,4.66
class 10 pass student scholarship 2026,13,307,4.23%,6.27
pg scholarship odisha,13,292,4.45%,3.39
scholarship tata,13,288,4.51%,5.51
trti last date to apply 2026,13,285,4.56%,3.71
golden jubilee scholarship scheme 2026,13,274,4.74%,3.34
pradhan mantri yashasvi scholarship yojana,13,245,5.31%,5.17
india scholarship 2026,13,215,6.05%,3.28
obc scholarship form 2026,13,179,7.26%,5.18
agriculture scholarship 2026,13,155,8.39%,3.95
wb minority scholarship,13,146,8.9%,4.04
scholarship west bengal 2026,13,134,9.7%,3.1
tata medical and healthcare scholarship,13,102,12.75%,2.21
sitaram jindal scholarship 2026 27,13,83,15.66%,2.04
pm yashasvi yojana 2026 apply online,13,75,17.33%,1.99
pm-yasasvi scholarship 2026,13,64,20.31%,1.98
private company scholarship 2026,13,58,22.41%,2.17
madhab singh scholarship,13,49,26.53%,1.88
ssp pre matric,12,12258,0.1%,5.93
oasis scholarship,12,6036,0.2%,5.31
jindal scholarship login,12,2114,0.57%,6.87
tata student scholarship,12,1629,0.74%,2.1
sbi scholarship 2026,12,1593,0.75%,7.48
vidyasiri scholarship apply online 2026,12,1570,0.76%,8.54
pm scholarship scheme,12,1563,0.77%,9.91
state odisha scholarship,12,1554,0.77%,5.37
scholarships,12,1369,0.88%,5.38
tata capital pankh scholarship status check,12,1008,1.19%,5.32
nabanna scholarship eligibility,12,1000,1.2%,5.14
yashasvi scholarship login,12,908,1.32%,6.15
tata scholarship apply online 2026 last date to apply,12,798,1.5%,4.54
ssp portal karnataka,12,781,1.54%,6.92
sikshashree scholarship,12,701,1.71%,4.42
mmvy scholarship last date 2026,12,659,1.82%,3.92
hdfc bank parivartan scholarship 2026,12,655,1.83%,5.25
pre matric scholarship last date,12,608,1.97%,4.24
ssp scholarship karnataka,12,592,2.03%,6.35
pudhumai penn scheme apply online,12,508,2.36%,7.46
nsp yashasvi scholarship,12,475,2.53%,4.76
मुख्यमंत्री कन्या उत्थान योजना 50000,12,470,2.55%,6.93
nabanna scholarship form,12,458,2.62%,5.77
pn yashasvi scholarship,12,423,2.84%,4.18
sitaram jindal scholarship portal,12,389,3.08%,5.53
pm ssc scholarship,12,364,3.3%,6.18
private scholarship for college students in tamilnadu,12,354,3.39%,6.29
scholarships for 10th passed students 2026,12,320,3.75%,6.58
students scholarship 2026,12,316,3.8%,4.87
scholarships for 10th passed students,12,302,3.97%,9.14
scholarship for pg students in tamilnadu,12,297,4.04%,8.4
how to apply pm yasasvi scholarship,12,285,4.21%,2.68
graduation kanya utthan yojana,12,269,4.46%,4.28
hdfc bank parivartan ecss scholarship 2026-27,12,259,4.63%,2.98
vivekananda scholarship 2026 last date,12,253,4.74%,3.24
9th class scholarship last date 2026,12,242,4.96%,3.03
post matric scholarship tamilnadu apply online,12,233,5.15%,4.06
2026 new scholarship,12,211,5.69%,4.19
9 class scholarship,12,192,6.25%,3.32
kanya utthan yojana graduation 2025 bihar,12,191,6.28%,4.43
cbse scholarship for class 9,12,191,6.28%,4.8
pm.yasasvi scholarship,12,183,6.56%,3.92
ratan tata scholarship for pharmacy students,12,164,7.32%,2.63
trti form date 2026,12,164,7.32%,3.34
mysy scholarship last date 2026,12,159,7.55%,4.26
pm yashasvi scholarship registration,12,146,8.22%,3.99
obc caste scholarship 2026,12,145,8.28%,3.28
9th class scholarship 2026,12,135,8.89%,1.96
pm ssv scholarship yojana apply online,12,126,9.52%,2.6
scholarship 9th class 2026,12,98,12.24%,2.46
lic golden jubilee scholarship 2026 27,12,90,13.33%,3.33
india scholarships,12,88,13.64%,7.83
shahid madho singh scholarship,12,86,13.95%,2.19
pm yasasvi 2026,12,76,15.79%,2.03
check eligibility for scholarship,12,76,15.79%,3.83
pm yashasvi scholarship 2026 form,12,57,21.05%,1.72
pm yashasvi scheme 2026,12,33,36.36%,1.85
e grantz 3.0,11,10383,0.11%,5.52
medhavi,11,6129,0.18%,7.88
e kalyan scholarship,11,4118,0.27%,4.46
banishree scholarship,11,1879,0.59%,7.74
green passage scheme,11,1576,0.7%,3.74
national means cum merit scholarship,11,1381,0.8%,9.11
post matric scholarship telangana,11,1340,0.82%,6.35
krushi bidyanidhi yojana,11,1027,1.07%,5.93
50000 scholarship,11,971,1.13%,7.14
hdfc parivartan scheme,11,824,1.33%,7.71
infosys stem stars scholarship,11,769,1.43%,6.16
gaon ki beti yojana,11,735,1.5%,7.24
needs of public jindal scholarship,11,679,1.62%,6.2
medhabruti scholarship,11,646,1.7%,4.58
tamilnadu scholarship portal for college students,11,557,1.97%,6.05
scholarship for open category students in maharashtra 2026,11,473,2.33%,8.31
scholarship class 11,11,458,2.4%,4.53
e-medhabruti scholarship,11,456,2.41%,4.31
medhavi scholarship mp 2026 last date to apply,11,452,2.43%,2.65
vidyadhan scholarship,11,392,2.81%,3.91
11th class scholarship,11,388,2.84%,4.36
minority scholarship karnataka online application,11,386,2.85%,5.83
scholarship for ews students,11,366,3.01%,8.52
pm yashasvi scholarship last date,11,362,3.04%,2.79
sriram jindal scholarship,11,360,3.06%,4.78
scholarship for intermediate students in ap 2026,11,352,3.12%,6.57
टाटा कैपिटल पंख स्कॉलरशिप 2026,11,349,3.15%,4.43
bc scholarship telangana last date,11,313,3.51%,5.17
engineering scholarship 2026,11,303,3.63%,5.4
class 11 scholarship last date,11,300,3.67%,3.71
post matric scholarship west bengal amount,11,300,3.67%,4.49
sitaram jindal scholarship west bengal,11,267,4.12%,7.37
all scholarship 2026,11,235,4.68%,2.86
shahid madho singh haath kharcha scheme,11,225,4.89%,1.6
west bengal minority scholarship,11,213,5.16%,4.68
sitaram jindal foundation scholarship application form,11,213,5.16%,6.67
up dashmottar scholarship,11,209,5.26%,4.06
sc/st scholarship for college students in tamilnadu,11,195,5.64%,4.1
pm yashasvi yojana form,11,183,6.01%,5.46
is there any scholarship for 9th class,11,177,6.21%,3.62
10th students scholarship 2026,11,172,6.4%,5.01
scholarship for students 2026,11,168,6.55%,5.38
sr jindal scholarship last date 2026,11,160,6.88%,2.94
scholarship kanya utthan yojana,11,158,6.96%,4.92
lic golden jubilee scholarship 2026-27,11,151,7.28%,3.13
scholarship for school students in tamil nadu 2026,11,145,7.59%,3.74
11 class scholarship 2026 last date,11,143,7.69%,3.15
tata trusts medical and healthcare scholarship,11,137,8.03%,2.55
scholarship for class 9 students,11,135,8.15%,3.35
scholarship for class 9th student,11,133,8.27%,3.44
pm yashasvi scholarship apply online 2026 start date,11,121,9.09%,1.91
प्रधानमंत्री यशस्वी योजना online apply,11,119,9.24%,4.73
sitaramjindalfoundation org scholarship,11,98,11.22%,4.69
how to apply pm yasasvi scholarship 2026,11,91,12.09%,1.53
scholarship for class 11th students,11,90,12.22%,4.17
private foundation scholarship,11,84,13.1%,3.21
tn sc/st scholarship apply online,11,70,15.71%,3.77
sitaram jindal scholarship class 11,11,65,16.92%,4.09
post matric scholarship amount,10,3397,0.29%,3.84
sitaram jindal scholarship last date,10,1848,0.54%,5.43
chief minister relief fund scholarship,10,1386,0.72%,4.84
pms scholarship odisha,10,1274,0.78%,4.78
hdfc ecss scholarship,10,1220,0.82%,7.08
scolarship.gov.in 2026 last date,10,1169,0.86%,9.84
government scheme for 12th pass students 2026,10,1168,0.86%,10.04
sitaram jindal scholarship for ug students,10,1163,0.86%,4.87
ha,10,1147,0.87%,3.13
bits scholarship criteria,10,1061,0.94%,5.02
sitaram jindal foundation scholarship last date,10,974,1.03%,3.84
scholarship 2026 last date,10,914,1.09%,4.9
class 10th scholarship 2026,10,820,1.22%,4.5
hdfc scholarship june 2026,10,782,1.28%,8.13
oasis scholarship last date 2026,10,755,1.32%,4.67
airtel scholarship,10,720,1.39%,8.11
tata pankh scholarship status check,10,692,1.45%,5.02
odisha portal scholarship,10,679,1.47%,4.9
tata scholarship 2026 last date to apply,10,611,1.64%,4.83
kotak shiksha nidhi scholarship,10,576,1.74%,5.72
aikyashree scholarship 2026,10,558,1.79%,5.47
tamilnadu state scholarship portal,10,535,1.87%,5.71
minority scholarship 2026,10,531,1.88%,6.51
11 scholarship,10,507,1.97%,5.04
swami vivekananda merit-cum-means scholarship (svmcm),10,442,2.26%,5.37
11th scholarship last date 2026,10,430,2.33%,3.68
scholarship 2026 apply online,10,411,2.43%,4.68
tata scholarship for college students,10,393,2.54%,3.69
fair and lovely scholarship,10,385,2.6%,5.93
2026,10,367,2.72%,3.51
tata capital punk scholarship,10,358,2.79%,5.03
प्रधानमंत्री यशस्वी योजना,10,341,2.93%,6.38
state scholarship portal post matric,10,315,3.17%,5.94
www infosys com infosys foundation scholarship,10,292,3.42%,4.28
प्रधानमंत्री यशस्वी छात्रवृत्ति योजना,10,261,3.83%,5.28
mukhya mantri kanya utthan,10,252,3.97%,5.36
private scholarship for 10th pass students,10,248,4.03%,8.17
tatatrusts.org scholarships 2026,10,243,4.12%,5.09
sarkari scholarship 2026,10,236,4.24%,6.22
kanya utthan yojana scholarship,10,234,4.27%,4.67
mahadbt scholarship,10,217,4.61%,10.68
tamilnadu post matric scholarship,10,216,4.63%,5.39
gaon ki beti yojana 2026 online registration,10,211,4.74%,4.24
sitaram jindal foundation scholarship 2026 last date,10,210,4.76%,3.53
zindal scholarship,10,198,5.05%,5.07
yashasvi scholarship registration,10,195,5.13%,5.35
for obc,10,182,5.49%,3.99
tata trust education grant,10,153,6.54%,3.87
tata trust medical scholarship,10,147,6.8%,2.7
private scholarships in india,10,138,7.25%,3.57
tata capital pankh scholarship:,10,138,7.25%,4.13
atul maheshwari scholarship form 2026,10,112,8.93%,2.33
tata medical scholarship,10,107,9.35%,2.92
medhasoft kanya utthan yojana graduation,10,97,10.31%,4.33
check scholarship eligibility,10,73,13.7%,4.81
प्रधानमंत्री यशस्वी छात्रवृत्ति योजना 2026,10,65,15.38%,2.11
pharmacy scholarship 2026,10,64,15.62%,2.73
pm yasasvi scholarship 2026 class 11,10,22,45.45%,1.64
bharti airtel scholarship program 2026 27,9,6572,0.14%,8.13
odisha scholarship portal,9,3120,0.29%,6.93
vidyasiri scholarship,9,2855,0.32%,6.05
post matric scholarship odisha last date 2026,9,1621,0.56%,6.13
tata pankh scholarship 2026 last date,9,1592,0.57%,6.53
pm scolarship.gov.in 2026,9,1210,0.74%,7.54
reliance foundation scholarship last date,9,1186,0.76%,5.19
mmvy student login,9,1092,0.82%,5.16
talliki vandanam status 2026,9,913,0.99%,9.42
hdfc scholarship 2026 last date to apply,9,886,1.02%,7.66
yashaswini scholarship,9,818,1.1%,5.46
12 scholarship last date 2026,9,794,1.13%,6.3
pg merit scholarship,9,765,1.18%,4.47
yashvi scholarship scheme,9,708,1.27%,5.58
kanya utthan yojana,9,695,1.29%,7.2
मुख्य मंत्री कन्या उत्थान योजना 2025,9,618,1.46%,6.93
sc scholarship,9,604,1.49%,7.98
mukhyamantri medhavi vidyarthi yojana (mmvy),9,582,1.55%,5.56
ongc scholarship apply online,9,558,1.61%,6.66
pm yashasvi scholarship status check,9,550,1.64%,6.85
tata pankh scholarship apply online,9,544,1.65%,3.66
scholarship graduation 2025,9,520,1.73%,6.53
mp medhavi scholarship portal,9,513,1.75%,5.5
check eligibility,9,469,1.92%,5.9
mukhyamantri vidyarthi pratibha yojana scholarship scheme last date 2026,9,454,1.98%,4.48
mp post matric scholarship,9,443,2.03%,7.61
kanyashree k2,9,435,2.07%,6.32
tata scholarship official website,9,425,2.12%,6.88
reliance foundation scholarship application form,9,407,2.21%,3.61
pm yasasvi scholarship scheme,9,401,2.24%,4.43
krushi vidyanidhi yojana,9,390,2.31%,3.75
trti police bharti scholarship 2026,9,389,2.31%,7.04
new scholarships 2026,9,386,2.33%,2.57
pm yashasvi yojna,9,383,2.35%,6.91
pm yasavi,9,379,2.37%,6.7
yashasvi scholarship scheme last date,9,366,2.46%,3.55
lic scholarship login,9,350,2.57%,5.67
10th class scholarship 2026,9,346,2.6%,4.16
sitaram jindal foundation scholarship for engineering students,9,331,2.72%,5.35
tata pankh scholarship apply,9,330,2.73%,6.29
free scholarship for students by government of india,9,330,2.73%,8.05
pm yasasvi scholarship last date 2026,9,327,2.75%,2.22
bc/mbc scholarship for college students,9,320,2.81%,5.36
tata capital pankh scholarship 2026 apply online,9,312,2.88%,4.49
75000 scholarship form,9,311,2.89%,5.61
11 class scholarship,9,300,3%,5.02
hdfc parivartan scholarship 2026 27 last date to apply,9,295,3.05%,6.86
নবান্ন কলারশিপ,9,290,3.1%,4.1
www.sitaramjindalfoundation.org,9,289,3.11%,4.04
sita rama jindal scholarship,9,285,3.16%,5.61
pm yashasvi scholarship for college students,9,277,3.25%,4.11
mmvy last date 2026,9,275,3.27%,3.75
pm yashasvi scholarship documents required,9,274,3.28%,1.85
tata scholarship for medical students,9,252,3.57%,5.4
bits hyderabad fees for 4 years btech,9,241,3.73%,1.07
hdfc scholarship for college students,9,220,4.09%,7.95
hdfc parivartan scholarship 26 27,9,200,4.5%,2.98
ug merit scholarship odisha,9,190,4.74%,2.44
पीएम यशस्वी छात्रवृत्ति योजना,9,190,4.74%,4.96
pm yasasvi scholarship 2026 eligibility,9,178,5.06%,1.43
scholarship for 11 class students,9,173,5.2%,3.93
obc scholarship form,9,172,5.23%,7.83
ap scholarships for students,9,166,5.42%,7.6
infosys internship 2026,9,158,5.7%,4.98
scholarships for 11th students,9,155,5.81%,4.67
पीएम यशस्वी स्कॉलरशिप योजना,9,151,5.96%,5.66
icse scholarship 2026,9,139,6.47%,4.25
kanya utthan graduation scholarship,9,135,6.67%,4.33
mukhyamantri kanyadan yojana 50000,9,131,6.87%,5.34
pm yashasvi scholarship 2026 apply date,9,126,7.14%,1.7
pm yojana scholarship 2026,9,123,7.32%,3.34
p m yasasvi scholarship,9,121,7.44%,3.71
post matric scholarship for sc students in tamilnadu,9,118,7.63%,3.82
tata scholarship for mds students,9,113,7.96%,3.64
jindal scholarship 2026-27,9,109,8.26%,2.63
pm yashasvi scholarship apply,9,105,8.57%,3.12
anandham foundation,9,99,9.09%,2.95
trti form last date 2026,9,96,9.38%,3.48
pm yashaswi,9,89,10.11%,4.03
private college scholarships 2026,9,83,10.84%,1.53
madhyamik scholarship 2026,9,79,11.39%,1.52
scholarship application for 10th class students,9,71,12.68%,7.1
tata mbbs scholarship,9,58,15.52%,2.1
11 science scholarship gujarat government,9,57,15.79%,1.88
pm yasasvi scholarship 2026 registration,9,57,15.79%,1.93
pm yashasvi scholarship apply online 2026 link,9,54,16.67%,2.13
yashvi yojana apply online,9,54,16.67%,3.33
sitaram foundation scholarship 2026,9,44,20.45%,1.89
sahid madhab singh scholarship,9,43,20.93%,2.12
e-kalyan,8,4051,0.2%,4.08
ffe scholarship,8,2944,0.27%,8.66
post matric scholarship last date,8,1454,0.55%,8
vidyasaarathi scholarship 2026,8,1305,0.61%,8.24
hdfc bank parivartan's ecss programme,8,1091,0.73%,6.68
labour card scholarship odisha,8,974,0.82%,6.19
nmms exam,8,953,0.84%,5.82
sssjkl,8,886,0.9%,6.15
sitaram scholarship,8,871,0.92%,5.66
bits scholarship for btech,8,845,0.95%,5.26
talliki vandanam,8,798,1%,8.6
ঐক্যশ্রী স্কলারশিপ,8,786,1.02%,5.36
scholarship graduation,8,771,1.04%,8.18
cm scholarship rajasthan 2026 last date,8,738,1.08%,6.98
bc scholarship for college students in tamilnadu,8,720,1.11%,8.42
tata pankh scholarship official website login,8,646,1.24%,5.6
when arunachal pradesh scholarship money will come 2026,8,600,1.33%,5.41
sc,8,590,1.36%,2.96
tamil nadu scholarship portal,8,546,1.47%,6.13
cm scholarship west bengal,8,531,1.51%,5.38
sitaram jindal foundation scholarship eligibility,8,520,1.54%,4.53
scheme for students by government 2026,8,461,1.74%,6.12
pm yashasvi scholarship 2023,8,455,1.76%,4.27
obc scholarship amount for ug students,8,453,1.77%,6.99
pm yasasvi yojana,8,421,1.9%,8.01
trti,8,414,1.93%,7.51
is there any scholarship for obc students,8,407,1.97%,5.96
एलआईसी गोल्डन जुबली स्कॉलरशिप,8,402,1.99%,6.83
tamilnadu scholarship,8,376,2.13%,8.05
pm yasasvi scholarship last date,8,362,2.21%,3.45
75000 scholarship,8,352,2.27%,5.58
rajasthan post matric scholarship,8,348,2.3%,4.97
pm yashasvi scholarship amount,8,341,2.35%,2.35
nabanno scholarship,8,304,2.63%,4.45
tata capital pankh scholarship official website login,8,297,2.69%,5.29
foundation scholarship 2026,8,286,2.8%,4.99
scholarship for ug students 2026,8,284,2.82%,4.89
hdfc bank parivartan scholarship 2026 27 last date,8,272,2.94%,3.91
pudhumai penn scheme last date to apply online,8,272,2.94%,5.33
nirman sharmik scholarship,8,253,3.16%,4.45
reliance foundation,8,251,3.19%,3.94
pm yasasvi scholarship for college students,8,240,3.33%,5.41
sandeepani scholarship,8,239,3.35%,4.81
kanya utthan graduation,8,237,3.38%,4.11
pm yashasvi scholarship portal,8,232,3.45%,4.17
hdfc scholarship 2026 27 last date to apply,8,216,3.7%,5.44
class 11 scholarship amount,8,210,3.81%,2.24
mukhyamantri ucch shiksha scholarship rajasthan 2026,8,205,3.9%,5.4
mukhyamantri vidyarthi pratibha yojana last date 2026,8,203,3.94%,5.5
india foundation 2026 scholarship,8,201,3.98%,6.6
scholarship for 10 passed students 2026,8,198,4.04%,5.41
mukhyamantri 50000 yojana,8,194,4.12%,5.3
odisha scholarship portal login,8,193,4.15%,6.37
scholarship for 12th pass students by government 2026,8,188,4.26%,7.44
pm यशस्वी स्कॉलरशिप,8,177,4.52%,4.64
tn post matric scholarship,8,170,4.71%,4.66
odisha state scholarship portal student login,8,166,4.82%,4.99
scholarships for ug students 2026,8,163,4.91%,5.11
pankh scholarship 2026,8,158,5.06%,3.03
west bengal post matric scholarship,8,154,5.19%,5.55
indian scholarships,8,154,5.19%,5.97
lic scholarship for college students 2026,8,142,5.63%,3.15
9th scholarship exam,8,139,5.76%,5.12
lic scholarship 2026 apply online,8,138,5.8%,4.28
scholarship for college students in west bengal 2026,8,136,5.88%,1.84
mahatma jyotiba phule overseas scholarship 2026 last date,8,134,5.97%,3.04
medhasoft 2026 registration,8,132,6.06%,1.08
kanyashree k2 form fill up 2026,8,129,6.2%,5.06
tamil nadu government scholarship for college students 2026,8,128,6.25%,3.22
talliki vandanam 2026 eligibility,8,125,6.4%,3.85
scholarship eligibility check,8,125,6.4%,6.44